{"strategy":{"ScalpingFirst":{"trades":[{"pair":"BTC/USDC","stake_amount":100,"amount":0.00336271,"open_date":"2022-05-15 05:45:00+00:00","close_date":"2022-05-15 11:35:00+00:00","open_rate":29737.96,"close_rate":30131.13014423077,"fee_open":0.0016,"fee_close":0.0016,"trade_duration":350,"profit_ratio":0.00998403,"profit_abs":1.00000135,"exit_reason":"roi","initial_stop_loss_abs":28251.061999999998,"initial_stop_loss_ratio":-0.05,"stop_loss_abs":28251.061999999998,"stop_loss_ratio":-0.05,"min_rate":29527.27,"max_rate":30149.93,"is_open":false,"enter_tag":null,"is_short":false,"open_timestamp":1652593500000,"close_timestamp":1652614500000,"orders":[{"amount":0.00336271,"safe_price":29737.96,"ft_order_side":"buy","order_filled_timestamp":1652593500000,"ft_is_entry":true},{"amount":0.00336271,"safe_price":30131.13014423077,"ft_order_side":"sell","order_filled_timestamp":1652614500000,"ft_is_entry":false}]},{"pair":"BTC/USDC","stake_amount":100,"amount":0.00329321,"open_date":"2022-05-23 09:35:00+00:00","close_date":"2022-05-24 14:05:00+00:00","open_rate":30365.53,"close_rate":28847.2535,"fee_open":0.0016,"fee_close":0.0016,"trade_duration":1710,"profit_ratio":-0.05303514,"profit_abs":-5.31200356,"exit_reason":"stop_loss","initial_stop_loss_abs":28847.2535,"initial_stop_loss_ratio":-0.05,"stop_loss_abs":28847.2535,"stop_loss_ratio":-0.05,"min_rate":28727.31,"max_rate":30571.75,"is_open":false,"enter_tag":null,"is_short":false,"open_timestamp":1653298500000,"close_timestamp":1653401100000,"orders":[{"amount":0.00329321,"safe_price":30365.53,"ft_order_side":"buy","order_filled_timestamp":1653298500000,"ft_is_entry":true},{"amount":0.00329321,"safe_price":28847.2535,"ft_order_side":"sell","order_filled_timestamp":1653401100000,"ft_is_entry":false}]},{"pair":"BTC/USDC","stake_amount":100,"amount":0.00330822,"open_date":"2022-06-09 03:05:00+00:00","close_date":"2022-06-09 09:35:00+00:00","open_rate":30227.75,"close_rate":30627.39573317308,"fee_open":0.0016,"fee_close":0.0016,"trade_duration":390,"profit_ratio":0.00998403,"profit_abs":1.00000047,"exit_reason":"roi","initial_stop_loss_abs":28716.3625,"initial_stop_loss_ratio":-0.05,"stop_loss_abs":28716.3625,"stop_loss_ratio":-0.05,"min_rate":30196.03,"max_rate":30647.05,"is_open":false,"enter_tag":null,"is_short":false,"open_timestamp":1654743900000,"close_timestamp":1654767300000,"orders":[{"amount":0.00330822,"safe_price":30227.75,"ft_order_side":"buy","order_filled_timestamp":1654743900000,"ft_is_entry":true},{"amount":0.00330822,"safe_price":30627.39573317308,"ft_order_side":"sell","order_filled_timestamp":1654767300000,"ft_is_entry":false}]},{"pair":"BTC/USDC","stake_amount":100,"amount":0.00351132,"open_date":"2022-06-11 16:50:00+00:00","close_date":"2022-06-12 14:15:00+00:00","open_rate":28479.3,"close_rate":27055.335,"fee_open":0.0016,"fee_close":0.0016,"trade_duration":1285,"profit_ratio":-0.05303514,"profit_abs":-5.31199658,"exit_reason":"stop_loss","initial_stop_loss_abs":27055.335,"initial_stop_loss_ratio":-0.05,"stop_loss_abs":27055.335,"stop_loss_ratio":-0.05,"min_rate":26867.34,"max_rate":28733.85,"is_open":false,"enter_tag":null,"is_short":false,"open_timestamp":1654966200000,"close_timestamp":1655043300000,"orders":[{"amount":0.00351132,"safe_price":28479.3,"ft_order_side":"buy","order_filled_timestamp":1654966200000,"ft_is_entry":true},{"amount":0.00351132,"safe_price":27055.335,"ft_order_side":"sell","order_filled_timestamp":1655043300000,"ft_is_entry":false}]}],"locks":[],"best_pair":{"key":"BTC/USDC","trades":4,"profit_mean":-0.021525555000000002,"profit_mean_pct":-2.1525555,"profit_sum":-0.08610222000000001,"profit_sum_pct":-8.61,"profit_total_abs":-8.62399832,"profit_total":-0.0008623998320000001,"profit_total_pct":-0.09,"duration_avg":"15:34:00","wins":2,"draws":0,"losses":2},"worst_pair":{"key":"BTC/USDC","trades":4,"profit_mean":-0.021525555000000002,"profit_mean_pct":-2.1525555,"profit_sum":-0.08610222000000001,"profit_sum_pct":-8.61,"profit_total_abs":-8.62399832,"profit_total":-0.0008623998320000001,"profit_total_pct":-0.09,"duration_avg":"15:34:00","wins":2,"draws":0,"losses":2},"results_per_pair":[{"key":"BTC/USDC","trades":4,"profit_mean":-0.021525555000000002,"profit_mean_pct":-2.1525555,"profit_sum":-0.08610222000000001,"profit_sum_pct":-8.61,"profit_total_abs":-8.62399832,"profit_total":-0.0008623998320000001,"profit_total_pct":-0.09,"duration_avg":"15:34:00","wins":2,"draws":0,"losses":2},{"key":"TOTAL","trades":4,"profit_mean":-0.021525555000000002,"profit_mean_pct":-2.1525555,"profit_sum":-0.08610222000000001,"profit_sum_pct":-8.61,"profit_total_abs":-8.62399832,"profit_total":-0.0008623998320000001,"profit_total_pct":-0.09,"duration_avg":"15:34:00","wins":2,"draws":0,"losses":2}],"results_per_enter_tag":[{"key":"TOTAL","trades":4,"profit_mean":-0.021525555000000002,"profit_mean_pct":-2.1525555,"profit_sum":-0.08610222000000001,"profit_sum_pct":-8.61,"profit_total_abs":-8.62399832,"profit_total":-0.0008623998320000001,"profit_total_pct":-0.09,"duration_avg":"15:34:00","wins":2,"draws":0,"losses":2}],"exit_reason_summary":[{"exit_reason":"roi","trades":2,"wins":2,"draws":0,"losses":0,"profit_mean":0.00998403,"profit_mean_pct":1.0,"profit_sum":0.01996806,"profit_sum_pct":2.0,"profit_total_abs":2.00000182,"profit_total":0.01996806,"profit_total_pct":2.0},{"exit_reason":"stop_loss","trades":2,"wins":0,"draws":0,"losses":2,"profit_mean":-0.05303514,"profit_mean_pct":-5.3,"profit_sum":-0.10607028,"profit_sum_pct":-10.61,"profit_total_abs":-10.62400014,"profit_total":-0.10607028,"profit_total_pct":-10.61}],"left_open_trades":[{"key":"TOTAL","trades":0,"profit_mean":0.0,"profit_mean_pct":0.0,"profit_sum":0.0,"profit_sum_pct":0.0,"profit_total_abs":0.0,"profit_total":0.0,"profit_total_pct":0.0,"duration_avg":"0:00","wins":0,"draws":0,"losses":0}],"total_trades":4,"trade_count_long":4,"trade_count_short":0,"total_volume":400.0,"avg_stake_amount":100.0,"profit_mean":-0.021525555000000002,"profit_median":-0.021525555000000002,"profit_total":-0.0008623998320000001,"profit_total_long":-0.0008623998320000001,"profit_total_short":0.0,"profit_total_abs":-8.62399832,"profit_total_long_abs":-8.62399832,"profit_total_short_abs":0.0,"cagr":-0.005066344308868653,"profit_factor":0.18825318087768775,"backtest_start":"2022-05-08 02:05:00","backtest_start_ts":1651975500000,"backtest_end":"2022-07-09 21:30:00","backtest_end_ts":1657402200000,"backtest_days":62,"backtest_run_start_ts":1657402968,"backtest_run_end_ts":1657402968,"trades_per_day":0.06,"market_change":-0.3864144680648872,"pairlist":["BTC/USDC"],"stake_amount":100,"stake_currency":"USDC","stake_currency_decimals":3,"starting_balance":10000,"dry_run_wallet":10000,"final_balance":9991.37600168,"rejected_signals":0,"timedout_entry_orders":0,"timedout_exit_orders":0,"canceled_trade_entries":0,"canceled_entry_orders":0,"replaced_entry_orders":0,"max_open_trades":1,"max_open_trades_setting":5,"timeframe":"5m","timeframe_detail":"","timerange":"","enable_protections":false,"strategy_name":"ScalpingFirst","stoploss":-0.05,"trailing_stop":false,"trailing_stop_positive":null,"trailing_stop_positive_offset":0.0,"trailing_only_offset_is_reached":false,"use_custom_stoploss":false,"minimal_roi":{"60":0.01,"30":0.02,"0":0.04},"use_exit_signal":true,"exit_profit_only":false,"exit_profit_offset":0.0,"ignore_roi_if_entry_signal":false,"backtest_best_day":0.00998403,"backtest_worst_day":-0.05303514,"backtest_best_day_abs":1.00000135,"backtest_worst_day_abs":-5.31200356,"winning_days":2,"draw_days":25,"losing_days":2,"daily_profit":[["2022-05-15",1.00000135],["2022-05-16",0.0],["2022-05-17",0.0],["2022-05-18",0.0],["2022-05-19",0.0],["2022-05-20",0.0],["2022-05-21",0.0],["2022-05-22",0.0],["2022-05-23",0.0],["2022-05-24",-5.31200356],["2022-05-25",0.0],["2022-05-26",0.0],["2022-05-27",0.0],["2022-05-28",0.0],["2022-05-29",0.0],["2022-05-30",0.0],["2022-05-31",0.0],["2022-06-01",0.0],["2022-06-02",0.0],["2022-06-03",0.0],["2022-06-04",0.0],["2022-06-05",0.0],["2022-06-06",0.0],["2022-06-07",0.0],["2022-06-08",0.0],["2022-06-09",1.00000047],["2022-06-10",0.0],["2022-06-11",0.0],["2022-06-12",-5.31199658]],"wins":2,"losses":2,"draws":0,"holding_avg":"15:34:00","holding_avg_s":56040.0,"winner_holding_avg":"6:10:00","winner_holding_avg_s":22200.0,"loser_holding_avg":"1 day, 0:58:00","loser_holding_avg_s":89880.0,"max_drawdown":0.09608625000000001,"max_drawdown_account":0.0009623037364963133,"max_relative_drawdown":0.0009623037364963133,"max_drawdown_abs":9.62399967,"drawdown_start":"2022-05-15 11:35:00","drawdown_start_ts":1652614500000.0,"drawdown_end":"2022-06-12 14:15:00","drawdown_end_ts":1655043300000.0,"max_drawdown_low":-8.62399832,"max_drawdown_high":1.00000135,"csum_min":9991.37600168,"csum_max":10001.00000135}},"strategy_comparison":[{"key":"ScalpingFirst","trades":4,"profit_mean":-0.021525555000000002,"profit_mean_pct":-2.1525555,"profit_sum":-0.08610222000000001,"profit_sum_pct":-8.61,"profit_total_abs":-8.62399832,"profit_total":-0.0008623998320000001,"profit_total_pct":-0.09,"duration_avg":"15:34:00","wins":2,"draws":0,"losses":2,"max_drawdown_account":0.0009623037364963133,"max_drawdown_abs":"9.624"}]}